{"v":"5.1.7","fr":60,"ip":0,"op":212,"w":1000,"h":1000,"nm":"Comp 1","ddd":0,"assets":[{"id":"comp_0","layers":[{"ddd":0,"ind":1,"ty":0,"nm":"pestañas","refId":"comp_1","sr":1,"ks":{"o":{"a":0,"k":100,"ix":11},"r":{"a":0,"k":0,"ix":10},"p":{"a":0,"k":[500,500,0],"ix":2},"a":{"a":0,"k":[500,500,0],"ix":1},"s":{"a":0,"k":[100,100,100],"ix":6}},"ao":0,"w":1000,"h":1000,"ip":0,"op":245,"st":0,"bm":0},{"ddd":0,"ind":2,"ty":4,"nm":"Capa de formas 2","td":1,"sr":1,"ks":{"o":{"a":0,"k":100,"ix":11},"r":{"a":0,"k":0,"ix":10},"p":{"a":0,"k":[500,500,0],"ix":2},"a":{"a":0,"k":[0,0,0],"ix":1},"s":{"a":0,"k":[100,100,100],"ix":6}},"ao":0,"shapes":[{"ty":"gr","it":[{"ind":0,"ty":"sh","ix":1,"ks":{"a":1,"k":[{"i":{"x":0.833,"y":0.833},"o":{"x":0.333,"y":0},"n":"0p833_0p833_0p333_0","t":44,"s":[{"i":[[125,0],[0,0],[-102,0],[0.5,0]],"o":[[-125,0],[0,0],[102,0],[-0.5,0]],"v":[[-1.5,-78],[-132,58],[-0.5,137],[131,56]],"c":true}],"e":[{"i":[[125,0],[0,0],[-102,0],[0.5,0]],"o":[[-125,0],[0,0],[102,0],[-0.5,0]],"v":[[-1.695,-0.318],[-132,58],[-0.695,117.143],[131,56]],"c":true}]},{"i":{"x":0.833,"y":0.833},"o":{"x":0.167,"y":0.167},"n":"0p833_0p833_0p167_0p167","t":50,"s":[{"i":[[125,0],[0,0],[-102,0],[0.5,0]],"o":[[-125,0],[0,0],[102,0],[-0.5,0]],"v":[[-1.695,-0.318],[-132,58],[-0.695,117.143],[131,56]],"c":true}],"e":[{"i":[[125,0],[0,0],[-102,0],[0.5,0]],"o":[[-125,0],[0,0],[102,0],[-0.5,0]],"v":[[-1.804,39.523],[-132,58],[-0.804,106.029],[131,56]],"c":true}]},{"i":{"x":0.833,"y":0.833},"o":{"x":0.167,"y":0.167},"n":"0p833_0p833_0p167_0p167","t":52,"s":[{"i":[[125,0],[0,0],[-102,0],[0.5,0]],"o":[[-125,0],[0,0],[102,0],[-0.5,0]],"v":[[-1.804,39.523],[-132,58],[-0.804,106.029],[131,56]],"c":true}],"e":[{"i":[[125,0],[0,0],[-102,0],[0.5,0]],"o":[[-125,0],[0,0],[102,0],[-0.5,0]],"v":[[-1.914,76.031],[-132,58],[-0.914,94.915],[131,56]],"c":true}]},{"i":{"x":0.833,"y":0.833},"o":{"x":0.167,"y":0.167},"n":"0p833_0p833_0p167_0p167","t":54,"s":[{"i":[[125,0],[0,0],[-102,0],[0.5,0]],"o":[[-125,0],[0,0],[102,0],[-0.5,0]],"v":[[-1.914,76.031],[-132,58],[-0.914,94.915],[131,56]],"c":true}],"e":[{"i":[[125,0],[0,0],[-102,0],[0.5,0]],"o":[[-125,0],[0,0],[102,0],[-0.5,0]],"v":[[-1.968,86.785],[-132,58],[-0.968,89.358],[131,56]],"c":true}]},{"i":{"x":0.667,"y":1},"o":{"x":0.167,"y":0.167},"n":"0p667_1_0p167_0p167","t":55,"s":[{"i":[[125,0],[0,0],[-102,0],[0.5,0]],"o":[[-125,0],[0,0],[102,0],[-0.5,0]],"v":[[-1.968,86.785],[-132,58],[-0.968,89.358],[131,56]],"c":true}],"e":[{"i":[[125,0],[0,0],[-102,0],[0.5,0]],"o":[[-125,0],[0,0],[102,0],[-0.5,0]],"v":[[-2,98],[-132,58],[-1,100],[131,56]],"c":true}]},{"i":{"x":0.667,"y":1},"o":{"x":0.333,"y":0},"n":"0p667_1_0p333_0","t":57,"s":[{"i":[[125,0],[0,0],[-102,0],[0.5,0]],"o":[[-125,0],[0,0],[102,0],[-0.5,0]],"v":[[-2,98],[-132,58],[-1,100],[131,56]],"c":true}],"e":[{"i":[[125,0],[0,0],[-102,0],[0.5,0]],"o":[[-125,0],[0,0],[102,0],[-0.5,0]],"v":[[-2,61],[-132,58],[-1,61],[131,56]],"c":true}]},{"i":{"x":0.833,"y":0.833},"o":{"x":0.333,"y":0},"n":"0p833_0p833_0p333_0","t":61,"s":[{"i":[[125,0],[0,0],[-102,0],[0.5,0]],"o":[[-125,0],[0,0],[102,0],[-0.5,0]],"v":[[-2,61],[-132,58],[-1,61],[131,56]],"c":true}],"e":[{"i":[[125,0],[0,0],[-102,0],[0.5,0]],"o":[[-125,0],[0,0],[102,0],[-0.5,0]],"v":[[-2,41.13],[-132,58],[-1,63.675],[131,56]],"c":true}]},{"i":{"x":0.667,"y":1},"o":{"x":0.167,"y":0.167},"n":"0p667_1_0p167_0p167","t":62,"s":[{"i":[[125,0],[0,0],[-102,0],[0.5,0]],"o":[[-125,0],[0,0],[102,0],[-0.5,0]],"v":[[-2,41.13],[-132,58],[-1,63.675],[131,56]],"c":true}],"e":[{"i":[[125,0],[0,0],[-102,0],[0.5,0]],"o":[[-125,0],[0,0],[102,0],[-0.5,0]],"v":[[-2,-81],[-132,58],[-1,139],[131,56]],"c":true}]},{"t":70}],"ix":2},"nm":"Trazado 1","mn":"ADBE Vector Shape - Group","hd":false},{"ty":"fl","c":{"a":0,"k":[0.083567997054,0.360664995979,0.819607962814,1],"ix":4},"o":{"a":0,"k":100,"ix":5},"r":1,"nm":"Relleno 1","mn":"ADBE Vector Graphic - Fill","hd":false},{"ty":"tr","p":{"a":0,"k":[0,0],"ix":2},"a":{"a":0,"k":[0,0],"ix":1},"s":{"a":0,"k":[100,100],"ix":3},"r":{"a":0,"k":0,"ix":6},"o":{"a":0,"k":100,"ix":7},"sk":{"a":0,"k":0,"ix":4},"sa":{"a":0,"k":0,"ix":5},"nm":"Transformar"}],"nm":"Forma 1","np":3,"cix":2,"ix":1,"mn":"ADBE Vector Group","hd":false}],"ip":44,"op":289,"st":44,"bm":0},{"ddd":0,"ind":3,"ty":4,"nm":"Capa 5 contornos 2","tt":1,"sr":1,"ks":{"o":{"a":0,"k":100,"ix":11},"r":{"a":0,"k":0,"ix":10},"p":{"a":1,"k":[{"i":{"x":0,"y":1},"o":{"x":0.333,"y":0},"n":"0_1_0p333_0","t":81,"s":[500.263,546.166,0],"e":[534.013,531.166,0],"to":[0,0,0],"ti":[0,0,0]},{"i":{"x":0,"y":1},"o":{"x":0.167,"y":0.167},"n":"0_1_0p167_0p167","t":100.471,"s":[534.013,531.166,0],"e":[471.095,532.084,0],"to":[0,0,0],"ti":[0,0,0]},{"i":{"x":0,"y":1},"o":{"x":0.167,"y":0.167},"n":"0_1_0p167_0p167","t":140.711,"s":[471.095,532.084,0],"e":[533.482,547.237,0],"to":[0,0,0],"ti":[0,0,0]},{"i":{"x":0,"y":1},"o":{"x":0.167,"y":0.167},"n":"0_1_0p167_0p167","t":169.27,"s":[533.482,547.237,0],"e":[470.605,546.612,0],"to":[0,0,0],"ti":[0,0,0]},{"i":{"x":0,"y":1},"o":{"x":0.167,"y":0.167},"n":"0_1_0p167_0p167","t":196.529,"s":[470.605,546.612,0],"e":[500.263,546.166,0],"to":[0,0,0],"ti":[0,0,0]},{"t":216}],"ix":2},"a":{"a":0,"k":[500.263,546.166,0],"ix":1},"s":{"a":0,"k":[100,100,100],"ix":6}},"ao":0,"shapes":[{"ty":"gr","it":[{"ty":"gr","it":[{"ind":0,"ty":"sh","ix":1,"ks":{"a":0,"k":{"i":[[15.737,-18.865],[-74.236,12.559],[-1.678,38.958],[0.014,0.516],[0.046,0.471],[32.269,11.939],[9.388,0]],"o":[[-48.253,57.839],[39.261,-6.643],[0.047,-0.477],[0.014,-0.512],[-1.439,-33.894],[-9.009,-3.334],[-24.051,-0.001]],"v":[[-63.057,-53.013],[14.127,81.222],[82.468,1.489],[82.519,0],[82.469,-1.476],[28.338,-77.454],[0.509,-82.39]],"c":true},"ix":2},"nm":"Trazado 1","mn":"ADBE Vector Shape - Group","hd":false},{"ind":1,"ty":"sh","ix":2,"ks":{"a":0,"k":{"i":[[-0.085,33.554],[-33.724,0],[-0.878,-33.657],[34.334,-0.086],[0.049,0],[0,0]],"o":[[0.084,-33.672],[34.337,0],[-0.88,33.716],[-0.049,0],[0,0],[-33.533,0.001]],"v":[[-61.7,0],[0.042,-61.743],[61.785,0],[0.042,61.742],[-0.108,61.742],[-0.111,61.742]],"c":true},"ix":2},"nm":"Trazado 2","mn":"ADBE Vector Shape - Group","hd":false},{"ty":"tr","p":{"a":0,"k":[0,0],"ix":2},"a":{"a":0,"k":[0,0],"ix":1},"s":{"a":0,"k":[100,100],"ix":3},"r":{"a":0,"k":0,"ix":6},"o":{"a":0,"k":100,"ix":7},"sk":{"a":0,"k":0,"ix":4},"sa":{"a":0,"k":0,"ix":5},"nm":"Transformar"}],"nm":"Grupo 1","np":2,"cix":2,"ix":1,"mn":"ADBE Vector Group","hd":false},{"ty":"fl","c":{"a":0,"k":[0.5,0.5,0.5,1],"ix":4},"o":{"a":0,"k":100,"ix":5},"r":1,"nm":"Relleno 1","mn":"ADBE Vector Graphic - Fill","hd":false},{"ty":"tr","p":{"a":0,"k":[499.949,546.151],"ix":2},"a":{"a":0,"k":[0,0],"ix":1},"s":{"a":0,"k":[100,100],"ix":3},"r":{"a":0,"k":0,"ix":6},"o":{"a":0,"k":100,"ix":7},"sk":{"a":0,"k":0,"ix":4},"sa":{"a":0,"k":0,"ix":5},"nm":"Transformar"}],"nm":"Grupo 1","np":2,"cix":2,"ix":1,"mn":"ADBE Vector Group","hd":false}],"ip":44,"op":289,"st":44,"bm":0},{"ddd":0,"ind":4,"ty":4,"nm":"Capa 6 contornos 2","sr":1,"ks":{"o":{"a":0,"k":100,"ix":11},"r":{"a":0,"k":0,"ix":10},"p":{"a":0,"k":[499.991,559.62,0],"ix":2},"a":{"a":0,"k":[499.991,559.62,0],"ix":1},"s":{"a":1,"k":[{"i":{"x":[0.667,0.667,0.667],"y":[1,1,1]},"o":{"x":[0.333,0.333,0.333],"y":[0,0,0]},"n":["0p667_1_0p333_0","0p667_1_0p333_0","0p667_1_0p333_0"],"t":44,"s":[100,100,100],"e":[100,-28,100]},{"i":{"x":[0.667,0.667,0.667],"y":[1,1,1]},"o":{"x":[0.333,0.333,0.333],"y":[0,0,0]},"n":["0p667_1_0p333_0","0p667_1_0p333_0","0p667_1_0p333_0"],"t":57,"s":[100,-28,100],"e":[100,100,100]},{"t":70}],"ix":6}},"ao":0,"shapes":[{"ty":"gr","it":[{"ind":0,"ty":"sh","ix":1,"ks":{"a":0,"k":{"i":[[1.117,-78.675],[-0.189,13.353],[-68.178,-0.094],[-0.958,-67.508],[0.19,13.369],[79.49,0]],"o":[[-0.189,13.347],[0.956,-67.368],[68.178,0.094],[0.19,13.331],[-1.118,-78.676],[-79.484,0]],"v":[[-144.453,65.541],[-123.718,65.541],[-0.001,-58.176],[123.716,65.541],[144.451,65.541],[-0.001,-78.91]],"c":true},"ix":2},"nm":"Trazado 2","mn":"ADBE Vector Shape - Group","hd":false},{"ty":"fl","c":{"a":0,"k":[0.5,0.5,0.5,1],"ix":4},"o":{"a":0,"k":100,"ix":5},"r":1,"nm":"Relleno 1","mn":"ADBE Vector Graphic - Fill","hd":false},{"ty":"tr","p":{"a":0,"k":[499.992,484.066],"ix":2},"a":{"a":0,"k":[0,0],"ix":1},"s":{"a":0,"k":[100,100],"ix":3},"r":{"a":0,"k":0,"ix":6},"o":{"a":0,"k":100,"ix":7},"sk":{"a":0,"k":0,"ix":4},"sa":{"a":0,"k":0,"ix":5},"nm":"Transformar"}],"nm":"Grupo 1","np":2,"cix":2,"ix":1,"mn":"ADBE Vector Group","hd":false}],"ip":44,"op":289,"st":44,"bm":0},{"ddd":0,"ind":5,"ty":4,"nm":"Capa de formas 1","td":1,"sr":1,"ks":{"o":{"a":0,"k":100,"ix":11},"r":{"a":0,"k":0,"ix":10},"p":{"a":0,"k":[500,500,0],"ix":2},"a":{"a":0,"k":[0,0,0],"ix":1},"s":{"a":0,"k":[100,100,100],"ix":6}},"ao":0,"shapes":[{"ty":"gr","it":[{"ind":0,"ty":"sh","ix":1,"ks":{"a":1,"k":[{"i":{"x":0.833,"y":0.833},"o":{"x":0.333,"y":0},"n":"0p833_0p833_0p333_0","t":0,"s":[{"i":[[125,0],[0,0],[-102,0],[0.5,0]],"o":[[-125,0],[0,0],[102,0],[-0.5,0]],"v":[[-1.5,-78],[-132,58],[-0.5,137],[131,56]],"c":true}],"e":[{"i":[[125,0],[0,0],[-102,0],[0.5,0]],"o":[[-125,0],[0,0],[102,0],[-0.5,0]],"v":[[-1.695,-0.318],[-132,58],[-0.695,117.143],[131,56]],"c":true}]},{"i":{"x":0.833,"y":0.833},"o":{"x":0.167,"y":0.167},"n":"0p833_0p833_0p167_0p167","t":6,"s":[{"i":[[125,0],[0,0],[-102,0],[0.5,0]],"o":[[-125,0],[0,0],[102,0],[-0.5,0]],"v":[[-1.695,-0.318],[-132,58],[-0.695,117.143],[131,56]],"c":true}],"e":[{"i":[[125,0],[0,0],[-102,0],[0.5,0]],"o":[[-125,0],[0,0],[102,0],[-0.5,0]],"v":[[-1.804,39.523],[-132,58],[-0.804,106.029],[131,56]],"c":true}]},{"i":{"x":0.833,"y":0.833},"o":{"x":0.167,"y":0.167},"n":"0p833_0p833_0p167_0p167","t":8,"s":[{"i":[[125,0],[0,0],[-102,0],[0.5,0]],"o":[[-125,0],[0,0],[102,0],[-0.5,0]],"v":[[-1.804,39.523],[-132,58],[-0.804,106.029],[131,56]],"c":true}],"e":[{"i":[[125,0],[0,0],[-102,0],[0.5,0]],"o":[[-125,0],[0,0],[102,0],[-0.5,0]],"v":[[-1.914,76.031],[-132,58],[-0.914,94.915],[131,56]],"c":true}]},{"i":{"x":0.833,"y":0.833},"o":{"x":0.167,"y":0.167},"n":"0p833_0p833_0p167_0p167","t":10,"s":[{"i":[[125,0],[0,0],[-102,0],[0.5,0]],"o":[[-125,0],[0,0],[102,0],[-0.5,0]],"v":[[-1.914,76.031],[-132,58],[-0.914,94.915],[131,56]],"c":true}],"e":[{"i":[[125,0],[0,0],[-102,0],[0.5,0]],"o":[[-125,0],[0,0],[102,0],[-0.5,0]],"v":[[-1.968,86.785],[-132,58],[-0.968,89.358],[131,56]],"c":true}]},{"i":{"x":0.667,"y":1},"o":{"x":0.167,"y":0.167},"n":"0p667_1_0p167_0p167","t":11,"s":[{"i":[[125,0],[0,0],[-102,0],[0.5,0]],"o":[[-125,0],[0,0],[102,0],[-0.5,0]],"v":[[-1.968,86.785],[-132,58],[-0.968,89.358],[131,56]],"c":true}],"e":[{"i":[[125,0],[0,0],[-102,0],[0.5,0]],"o":[[-125,0],[0,0],[102,0],[-0.5,0]],"v":[[-2,98],[-132,58],[-1,100],[131,56]],"c":true}]},{"i":{"x":0.667,"y":1},"o":{"x":0.333,"y":0},"n":"0p667_1_0p333_0","t":13,"s":[{"i":[[125,0],[0,0],[-102,0],[0.5,0]],"o":[[-125,0],[0,0],[102,0],[-0.5,0]],"v":[[-2,98],[-132,58],[-1,100],[131,56]],"c":true}],"e":[{"i":[[125,0],[0,0],[-102,0],[0.5,0]],"o":[[-125,0],[0,0],[102,0],[-0.5,0]],"v":[[-2,61],[-132,58],[-1,61],[131,56]],"c":true}]},{"i":{"x":0.833,"y":0.833},"o":{"x":0.333,"y":0},"n":"0p833_0p833_0p333_0","t":17,"s":[{"i":[[125,0],[0,0],[-102,0],[0.5,0]],"o":[[-125,0],[0,0],[102,0],[-0.5,0]],"v":[[-2,61],[-132,58],[-1,61],[131,56]],"c":true}],"e":[{"i":[[125,0],[0,0],[-102,0],[0.5,0]],"o":[[-125,0],[0,0],[102,0],[-0.5,0]],"v":[[-2,41.13],[-132,58],[-1,63.675],[131,56]],"c":true}]},{"i":{"x":0.667,"y":1},"o":{"x":0.167,"y":0.167},"n":"0p667_1_0p167_0p167","t":18,"s":[{"i":[[125,0],[0,0],[-102,0],[0.5,0]],"o":[[-125,0],[0,0],[102,0],[-0.5,0]],"v":[[-2,41.13],[-132,58],[-1,63.675],[131,56]],"c":true}],"e":[{"i":[[125,0],[0,0],[-102,0],[0.5,0]],"o":[[-125,0],[0,0],[102,0],[-0.5,0]],"v":[[-2,-81],[-132,58],[-1,139],[131,56]],"c":true}]},{"t":26}],"ix":2},"nm":"Trazado 1","mn":"ADBE Vector Shape - Group","hd":false},{"ty":"fl","c":{"a":0,"k":[0.083567997054,0.360664995979,0.819607962814,1],"ix":4},"o":{"a":0,"k":100,"ix":5},"r":1,"nm":"Relleno 1","mn":"ADBE Vector Graphic - Fill","hd":false},{"ty":"tr","p":{"a":0,"k":[0,0],"ix":2},"a":{"a":0,"k":[0,0],"ix":1},"s":{"a":0,"k":[100,100],"ix":3},"r":{"a":0,"k":0,"ix":6},"o":{"a":0,"k":100,"ix":7},"sk":{"a":0,"k":0,"ix":4},"sa":{"a":0,"k":0,"ix":5},"nm":"Transformar"}],"nm":"Forma 1","np":3,"cix":2,"ix":1,"mn":"ADBE Vector Group","hd":false}],"ip":0,"op":44,"st":0,"bm":0},{"ddd":0,"ind":6,"ty":4,"nm":"Capa 5 contornos","tt":1,"sr":1,"ks":{"o":{"a":0,"k":100,"ix":11},"r":{"a":0,"k":0,"ix":10},"p":{"a":0,"k":[500.263,546.166,0],"ix":2},"a":{"a":0,"k":[500.263,546.166,0],"ix":1},"s":{"a":0,"k":[100,100,100],"ix":6}},"ao":0,"shapes":[{"ty":"gr","it":[{"ty":"gr","it":[{"ind":0,"ty":"sh","ix":1,"ks":{"a":0,"k":{"i":[[15.737,-18.865],[-74.236,12.559],[-1.678,38.958],[0.014,0.516],[0.046,0.471],[32.269,11.939],[9.388,0]],"o":[[-48.253,57.839],[39.261,-6.643],[0.047,-0.477],[0.014,-0.512],[-1.439,-33.894],[-9.009,-3.334],[-24.051,-0.001]],"v":[[-63.057,-53.013],[14.127,81.222],[82.468,1.489],[82.519,0],[82.469,-1.476],[28.338,-77.454],[0.509,-82.39]],"c":true},"ix":2},"nm":"Trazado 1","mn":"ADBE Vector Shape - Group","hd":false},{"ind":1,"ty":"sh","ix":2,"ks":{"a":0,"k":{"i":[[-0.085,33.554],[-33.724,0],[-0.878,-33.657],[34.334,-0.086],[0.049,0],[0,0]],"o":[[0.084,-33.672],[34.337,0],[-0.88,33.716],[-0.049,0],[0,0],[-33.533,0.001]],"v":[[-61.7,0],[0.042,-61.743],[61.785,0],[0.042,61.742],[-0.108,61.742],[-0.111,61.742]],"c":true},"ix":2},"nm":"Trazado 2","mn":"ADBE Vector Shape - Group","hd":false},{"ty":"tr","p":{"a":0,"k":[0,0],"ix":2},"a":{"a":0,"k":[0,0],"ix":1},"s":{"a":0,"k":[100,100],"ix":3},"r":{"a":0,"k":0,"ix":6},"o":{"a":0,"k":100,"ix":7},"sk":{"a":0,"k":0,"ix":4},"sa":{"a":0,"k":0,"ix":5},"nm":"Transformar"}],"nm":"Grupo 1","np":2,"cix":2,"ix":1,"mn":"ADBE Vector Group","hd":false},{"ty":"fl","c":{"a":0,"k":[0.5,0.5,0.5,1],"ix":4},"o":{"a":0,"k":100,"ix":5},"r":1,"nm":"Relleno 1","mn":"ADBE Vector Graphic - Fill","hd":false},{"ty":"tr","p":{"a":0,"k":[499.949,546.151],"ix":2},"a":{"a":0,"k":[0,0],"ix":1},"s":{"a":0,"k":[100,100],"ix":3},"r":{"a":0,"k":0,"ix":6},"o":{"a":0,"k":100,"ix":7},"sk":{"a":0,"k":0,"ix":4},"sa":{"a":0,"k":0,"ix":5},"nm":"Transformar"}],"nm":"Grupo 1","np":2,"cix":2,"ix":1,"mn":"ADBE Vector Group","hd":false}],"ip":0,"op":44,"st":0,"bm":0},{"ddd":0,"ind":7,"ty":4,"nm":"Capa 6 contornos","sr":1,"ks":{"o":{"a":0,"k":100,"ix":11},"r":{"a":0,"k":0,"ix":10},"p":{"a":0,"k":[499.991,559.62,0],"ix":2},"a":{"a":0,"k":[499.991,559.62,0],"ix":1},"s":{"a":1,"k":[{"i":{"x":[0.667,0.667,0.667],"y":[1,1,1]},"o":{"x":[0.333,0.333,0.333],"y":[0,0,0]},"n":["0p667_1_0p333_0","0p667_1_0p333_0","0p667_1_0p333_0"],"t":0,"s":[100,100,100],"e":[100,-28,100]},{"i":{"x":[0.667,0.667,0.667],"y":[1,1,1]},"o":{"x":[0.333,0.333,0.333],"y":[0,0,0]},"n":["0p667_1_0p333_0","0p667_1_0p333_0","0p667_1_0p333_0"],"t":13,"s":[100,-28,100],"e":[100,100,100]},{"t":26}],"ix":6}},"ao":0,"shapes":[{"ty":"gr","it":[{"ind":0,"ty":"sh","ix":1,"ks":{"a":0,"k":{"i":[[1.117,-78.675],[-0.189,13.353],[-68.178,-0.094],[-0.958,-67.508],[0.19,13.369],[79.49,0]],"o":[[-0.189,13.347],[0.956,-67.368],[68.178,0.094],[0.19,13.331],[-1.118,-78.676],[-79.484,0]],"v":[[-144.453,65.541],[-123.718,65.541],[-0.001,-58.176],[123.716,65.541],[144.451,65.541],[-0.001,-78.91]],"c":true},"ix":2},"nm":"Trazado 2","mn":"ADBE Vector Shape - Group","hd":false},{"ty":"fl","c":{"a":0,"k":[0.5,0.5,0.5,1],"ix":4},"o":{"a":0,"k":100,"ix":5},"r":1,"nm":"Relleno 1","mn":"ADBE Vector Graphic - Fill","hd":false},{"ty":"tr","p":{"a":0,"k":[499.992,484.066],"ix":2},"a":{"a":0,"k":[0,0],"ix":1},"s":{"a":0,"k":[100,100],"ix":3},"r":{"a":0,"k":0,"ix":6},"o":{"a":0,"k":100,"ix":7},"sk":{"a":0,"k":0,"ix":4},"sa":{"a":0,"k":0,"ix":5},"nm":"Transformar"}],"nm":"Grupo 1","np":2,"cix":2,"ix":1,"mn":"ADBE Vector Group","hd":false}],"ip":0,"op":44,"st":0,"bm":0},{"ddd":0,"ind":8,"ty":4,"nm":"Capa 7 contornos","sr":1,"ks":{"o":{"a":0,"k":100,"ix":11},"r":{"a":0,"k":0,"ix":10},"p":{"a":0,"k":[278.551,499.965,0],"ix":2},"a":{"a":0,"k":[278.551,499.965,0],"ix":1},"s":{"a":0,"k":[100,100,100],"ix":6}},"ao":0,"shapes":[{"ty":"gr","it":[{"ind":0,"ty":"sh","ix":1,"ks":{"a":0,"k":{"i":[[10.647,-0.104],[25.173,-53.75],[0,-41.044],[-9.343,-36.91],[-69.516,-0.908],[13.27,0.173],[15.501,58.303],[0,32.895],[-9.477,32.283],[-58.454,0.656],[-32.038,0],[13.279,0],[21.296,0]],"o":[[-58.817,0.568],[-17.938,38.304],[0,37.677],[17.211,67.995],[13.263,0.174],[-59.829,-0.782],[-8.544,-32.132],[0,-33.253],[16.608,-56.574],[32.034,-0.361],[13.257,0],[-21.292,0],[-10.649,0]],"v":[[24.859,-220.317],[-114.471,-132.502],[-129.354,-12.251],[-124.626,104.402],[24.458,220.282],[24.458,199.678],[-104.309,100.704],[-108.749,-1.384],[-103.325,-104.262],[24.56,-199.713],[120.69,-199.713],[120.69,-220.317],[56.8,-220.455]],"c":true},"ix":2},"nm":"Trazado 2","mn":"ADBE Vector Shape - Group","hd":false},{"ty":"fl","c":{"a":0,"k":[0.5,0.5,0.5,1],"ix":4},"o":{"a":0,"k":100,"ix":5},"r":1,"nm":"Relleno 1","mn":"ADBE Vector Graphic - Fill","hd":false},{"ty":"tr","p":{"a":0,"k":[409.045,500.051],"ix":2},"a":{"a":0,"k":[0,0],"ix":1},"s":{"a":0,"k":[100,100],"ix":3},"r":{"a":0,"k":0,"ix":6},"o":{"a":0,"k":100,"ix":7},"sk":{"a":0,"k":0,"ix":4},"sa":{"a":0,"k":0,"ix":5},"nm":"Transformar"}],"nm":"Grupo 1","np":2,"cix":2,"ix":1,"mn":"ADBE Vector Group","hd":false}],"ip":0,"op":245,"st":0,"bm":0},{"ddd":0,"ind":9,"ty":4,"nm":"Capa 8 contornos","sr":1,"ks":{"o":{"a":0,"k":100,"ix":11},"r":{"a":0,"k":0,"ix":10},"p":{"a":0,"k":[721.417,500.1,0],"ix":2},"a":{"a":0,"k":[721.417,500.1,0],"ix":1},"s":{"a":0,"k":[100,100,100],"ix":6}},"ao":0,"shapes":[{"ty":"gr","it":[{"ind":0,"ty":"sh","ix":1,"ks":{"a":0,"k":{"i":[[-13.216,-0.173],[-15.5,-58.295],[0,-32.897],[10.707,-33.296],[57.056,-0.631],[32.36,0],[-13.28,0],[-32.183,0.303],[-25.631,52.985],[0,41.673],[8.707,36.506],[70.072,0.915],[0.055,0]],"o":[[59.826,0.781],[8.547,32.146],[0,34.499],[-17.632,54.828],[-32.358,0.358],[-13.258,0],[32.185,0],[58.325,-0.549],[18.737,-38.731],[0,-37.169],[-16.424,-68.866],[-0.055,-0.001],[-13.098,-0.002]],"v":[[-23.882,-199.845],[104.886,-100.873],[109.326,1.215],[102.83,107.577],[-23.981,199.546],[-121.078,199.546],[-121.078,220.15],[-24.51,220.15],[114.264,133.952],[129.93,12.083],[125.651,-102.793],[-23.882,-220.449],[-24.049,-220.451]],"c":true},"ix":2},"nm":"Trazado 2","mn":"ADBE Vector Shape - Group","hd":false},{"ty":"fl","c":{"a":0,"k":[0.5,0.5,0.5,1],"ix":4},"o":{"a":0,"k":100,"ix":5},"r":1,"nm":"Relleno 1","mn":"ADBE Vector Graphic - Fill","hd":false},{"ty":"tr","p":{"a":0,"k":[590.361,500.184],"ix":2},"a":{"a":0,"k":[0,0],"ix":1},"s":{"a":0,"k":[100,100],"ix":3},"r":{"a":0,"k":0,"ix":6},"o":{"a":0,"k":100,"ix":7},"sk":{"a":0,"k":0,"ix":4},"sa":{"a":0,"k":0,"ix":5},"nm":"Transformar"}],"nm":"Grupo 1","np":2,"cix":2,"ix":1,"mn":"ADBE Vector Group","hd":false}],"ip":0,"op":245,"st":0,"bm":0},{"ddd":0,"ind":10,"ty":4,"nm":"Capa 9 contornos","sr":1,"ks":{"o":{"a":0,"k":100,"ix":11},"r":{"a":0,"k":0,"ix":10},"p":{"a":0,"k":[499.972,775.096,0],"ix":2},"a":{"a":0,"k":[499.972,775.096,0],"ix":1},"s":{"a":0,"k":[100,100,100],"ix":6}},"ao":0,"shapes":[{"ty":"gr","it":[{"ind":0,"ty":"sh","ix":1,"ks":{"a":0,"k":{"i":[[0,-6.638],[-0.088,-42.509],[-62.655,-34.237],[-53.214,0],[0,0],[-20.997,4.409],[-0.922,88.816],[0.137,-13.272],[73.763,-20.23],[21.02,0],[0,0],[43.001,15.763],[0.491,71.005],[0,43.275],[5.153,0]],"o":[[0,42.508],[0.147,70.679],[48.576,26.543],[0,0],[21.279,0],[87.744,-18.427],[0.138,-13.262],[-0.789,75.916],[-20.509,5.624],[0,0],[-45.036,0],[-67.355,-24.69],[-0.299,-43.273],[0,-6.632],[-5.149,-0.001]],"v":[[-274.977,-157.647],[-274.977,-30.12],[-175.613,141.058],[-21.663,164.516],[60.58,164.516],[123.859,160.286],[274.927,-26.646],[254.323,-26.646],[129.107,137.819],[67.032,143.911],[-5.486,143.911],[-143.049,133.382],[-254.373,-27.814],[-254.373,-157.647],[-264.681,-167.599]],"c":true},"ix":2},"nm":"Trazado 2","mn":"ADBE Vector Shape - Group","hd":false},{"ty":"mm","mm":4,"nm":"Combinar trazados 1","mn":"ADBE Vector Filter - Merge","hd":false},{"ty":"fl","c":{"a":0,"k":[0.5,0.5,0.5,1],"ix":4},"o":{"a":0,"k":100,"ix":5},"r":1,"nm":"Relleno 1","mn":"ADBE Vector Graphic - Fill","hd":false},{"ty":"tr","p":{"a":0,"k":[500.016,610.47],"ix":2},"a":{"a":0,"k":[0,0],"ix":1},"s":{"a":0,"k":[100,100],"ix":3},"r":{"a":0,"k":0,"ix":6},"o":{"a":0,"k":100,"ix":7},"sk":{"a":0,"k":0,"ix":4},"sa":{"a":0,"k":0,"ix":5},"nm":"Transformar"}],"nm":"Grupo 1","np":3,"cix":2,"ix":1,"mn":"ADBE Vector Group","hd":false}],"ip":0,"op":245,"st":0,"bm":0},{"ddd":0,"ind":11,"ty":4,"nm":"Capa 10 contornos","sr":1,"ks":{"o":{"a":0,"k":100,"ix":11},"r":{"a":0,"k":0,"ix":10},"p":{"a":0,"k":[500.019,224.905,0],"ix":2},"a":{"a":0,"k":[500.019,224.905,0],"ix":1},"s":{"a":0,"k":[100,100,100],"ix":6}},"ao":0,"shapes":[{"ty":"gr","it":[{"ind":0,"ty":"sh","ix":1,"ks":{"a":0,"k":{"i":[[11.658,0],[0,0],[21.254,-4.692],[0.916,-88.189],[-0.137,13.272],[-73.765,20.225],[-42.94,0],[-42.44,-14.511],[-0.587,-72.016],[0,-42.549],[0,13.28],[0.128,41.962],[64.716,32.892],[40.172,0]],"o":[[0,0],[-21.578,0],[-86.893,19.18],[-0.138,13.262],[0.789,-75.918],[41.88,-11.483],[44.193,0],[68.762,23.512],[0.346,42.546],[0,13.257],[0,-41.963],[-0.219,-71.963],[-37.364,-18.99],[-11.571,0]],"v":[[18.984,-166.211],[-61.577,-166.211],[-125.68,-161.583],[-274.947,24.951],[-254.343,24.951],[-129.127,-139.513],[4.102,-145.606],[139.603,-136.289],[254.353,25.448],[254.353,153.107],[274.957,153.107],[274.957,27.216],[170.832,-145.273],[53.842,-166.386]],"c":true},"ix":2},"nm":"Trazado 2","mn":"ADBE Vector Shape - Group","hd":false},{"ty":"mm","mm":4,"nm":"Combinar trazados 1","mn":"ADBE Vector Filter - Merge","hd":false},{"ty":"fl","c":{"a":0,"k":[0.5,0.5,0.5,1],"ix":4},"o":{"a":0,"k":100,"ix":5},"r":1,"nm":"Relleno 1","mn":"ADBE Vector Graphic - Fill","hd":false},{"ty":"tr","p":{"a":0,"k":[499.986,391.292],"ix":2},"a":{"a":0,"k":[0,0],"ix":1},"s":{"a":0,"k":[100,100],"ix":3},"r":{"a":0,"k":0,"ix":6},"o":{"a":0,"k":100,"ix":7},"sk":{"a":0,"k":0,"ix":4},"sa":{"a":0,"k":0,"ix":5},"nm":"Transformar"}],"nm":"Grupo 1","np":3,"cix":2,"ix":1,"mn":"ADBE Vector Group","hd":false}],"ip":0,"op":245,"st":0,"bm":0}]},{"id":"comp_1","layers":[{"ddd":0,"ind":1,"ty":4,"nm":"Capa 2 contornos 4","sr":1,"ks":{"o":{"a":1,"k":[{"i":{"x":[0.667],"y":[1]},"o":{"x":[0.333],"y":[0]},"n":["0p667_1_0p333_0"],"t":214.766,"s":[0],"e":[100]},{"i":{"x":[0.667],"y":[1]},"o":{"x":[0.333],"y":[0]},"n":["0p667_1_0p333_0"],"t":238,"s":[100],"e":[0]},{"t":261.23484375}],"ix":11},"r":{"a":0,"k":0,"ix":10},"p":{"a":0,"k":[388.932,411.165,0],"ix":2},"a":{"a":0,"k":[388.932,411.165,0],"ix":1},"s":{"a":0,"k":[100,100,100],"ix":6}},"ao":0,"shapes":[{"ty":"gr","it":[{"ind":0,"ty":"sh","ix":1,"ks":{"a":0,"k":{"i":[[-7.256,-7.257],[0,0],[9.392,9.392],[6.478,6.479],[2.328,0]],"o":[[0,0],[9.388,9.388],[-6.478,-6.478],[-2.135,-2.134],[-7.911,-0.002]],"v":[[-18.07,-5.611],[1.366,13.826],[15.935,-0.745],[-3.5,-20.181],[-10.367,-23.212]],"c":true},"ix":2},"nm":"Trazado 2","mn":"ADBE Vector Shape - Group","hd":false},{"ty":"mm","mm":4,"nm":"Combinar trazados 1","mn":"ADBE Vector Filter - Merge","hd":false},{"ty":"fl","c":{"a":0,"k":[0.5,0.5,0.5,1],"ix":4},"o":{"a":0,"k":100,"ix":5},"r":1,"nm":"Relleno 1","mn":"ADBE Vector Graphic - Fill","hd":false},{"ty":"tr","p":{"a":0,"k":[390,414.343],"ix":2},"a":{"a":0,"k":[0,0],"ix":1},"s":{"a":0,"k":[100,100],"ix":3},"r":{"a":0,"k":0,"ix":6},"o":{"a":0,"k":100,"ix":7},"sk":{"a":0,"k":0,"ix":4},"sa":{"a":0,"k":0,"ix":5},"nm":"Transformar"}],"nm":"Grupo 1","np":3,"cix":2,"ix":1,"mn":"ADBE Vector Group","hd":false}],"ip":187.02,"op":261,"st":187.02,"bm":0},{"ddd":0,"ind":2,"ty":4,"nm":"Capa 3 contornos 4","sr":1,"ks":{"o":{"a":1,"k":[{"i":{"x":[0.667],"y":[1]},"o":{"x":[0.333],"y":[0]},"n":["0p667_1_0p333_0"],"t":187,"s":[0],"e":[100]},{"i":{"x":[0.667],"y":[1]},"o":{"x":[0.333],"y":[0]},"n":["0p667_1_0p333_0"],"t":210.235,"s":[100],"e":[0]},{"t":233.46921875}],"ix":11},"r":{"a":0,"k":0,"ix":10},"p":{"a":0,"k":[611.056,409.789,0],"ix":2},"a":{"a":0,"k":[611.056,409.789,0],"ix":1},"s":{"a":0,"k":[100,100,100],"ix":6}},"ao":0,"shapes":[{"ty":"gr","it":[{"ind":0,"ty":"sh","ix":1,"ks":{"a":0,"k":{"i":[[2.149,-2.149],[6.521,-6.52],[-9.451,9.451],[0,0],[7.959,0.001]],"o":[[-6.52,6.52],[-9.447,9.448],[0,0],[7.3,-7.299],[-2.344,0]],"v":[[3.523,-20.31],[-16.037,-0.752],[-1.375,13.911],[18.184,-5.649],[10.434,-23.362]],"c":true},"ix":2},"nm":"Trazado 2","mn":"ADBE Vector Shape - Group","hd":false},{"ty":"mm","mm":4,"nm":"Combinar trazados 1","mn":"ADBE Vector Filter - Merge","hd":false},{"ty":"fl","c":{"a":0,"k":[0.5,0.5,0.5,1],"ix":4},"o":{"a":0,"k":100,"ix":5},"r":1,"nm":"Relleno 1","mn":"ADBE Vector Graphic - Fill","hd":false},{"ty":"tr","p":{"a":0,"k":[609.982,412.989],"ix":2},"a":{"a":0,"k":[0,0],"ix":1},"s":{"a":0,"k":[100,100],"ix":3},"r":{"a":0,"k":0,"ix":6},"o":{"a":0,"k":100,"ix":7},"sk":{"a":0,"k":0,"ix":4},"sa":{"a":0,"k":0,"ix":5},"nm":"Transformar"}],"nm":"Grupo 1","np":3,"cix":2,"ix":1,"mn":"ADBE Vector Group","hd":false}],"ip":187.02,"op":261,"st":187.02,"bm":0},{"ddd":0,"ind":3,"ty":4,"nm":"Capa 4 contornos 4","sr":1,"ks":{"o":{"a":1,"k":[{"i":{"x":[0.667],"y":[1]},"o":{"x":[0.333],"y":[0]},"n":["0p667_1_0p333_0"],"t":198.6,"s":[0],"e":[100]},{"i":{"x":[0.667],"y":[1]},"o":{"x":[0.333],"y":[0]},"n":["0p667_1_0p333_0"],"t":221.834,"s":[100],"e":[0]},{"t":245.068828125}],"ix":11},"r":{"a":0,"k":0,"ix":10},"p":{"a":0,"k":[499.992,378.096,0],"ix":2},"a":{"a":0,"k":[499.992,378.096,0],"ix":1},"s":{"a":0,"k":[100,100,100],"ix":6}},"ao":0,"shapes":[{"ty":"gr","it":[{"ind":0,"ty":"sh","ix":1,"ks":{"a":0,"k":{"i":[[0,-6.637],[0,0],[0,13.281],[0,0],[5.153,0.001]],"o":[[0,0],[0,13.258],[0,0],[0,-6.631],[-5.15,0]],"v":[[-10.303,-15.407],[-10.303,12.078],[10.302,12.078],[10.302,-15.407],[-0.007,-25.359]],"c":true},"ix":2},"nm":"Trazado 2","mn":"ADBE Vector Shape - Group","hd":false},{"ty":"mm","mm":4,"nm":"Combinar trazados 1","mn":"ADBE Vector Filter - Merge","hd":false},{"ty":"fl","c":{"a":0,"k":[0.5,0.5,0.5,1],"ix":4},"o":{"a":0,"k":100,"ix":5},"r":1,"nm":"Relleno 1","mn":"ADBE Vector Graphic - Fill","hd":false},{"ty":"tr","p":{"a":0,"k":[499.992,379.76],"ix":2},"a":{"a":0,"k":[0,0],"ix":1},"s":{"a":0,"k":[100,100],"ix":3},"r":{"a":0,"k":0,"ix":6},"o":{"a":0,"k":100,"ix":7},"sk":{"a":0,"k":0,"ix":4},"sa":{"a":0,"k":0,"ix":5},"nm":"Transformar"}],"nm":"Grupo 1","np":3,"cix":2,"ix":1,"mn":"ADBE Vector Group","hd":false}],"ip":187.02,"op":261,"st":187.02,"bm":0},{"ddd":0,"ind":4,"ty":4,"nm":"Capa 2 contornos 3","sr":1,"ks":{"o":{"a":1,"k":[{"i":{"x":[0.667],"y":[1]},"o":{"x":[0.333],"y":[0]},"n":["0p667_1_0p333_0"],"t":130,"s":[0],"e":[100]},{"i":{"x":[0.667],"y":[1]},"o":{"x":[0.333],"y":[0]},"n":["0p667_1_0p333_0"],"t":153.234,"s":[100],"e":[0]},{"t":176.46875}],"ix":11},"r":{"a":0,"k":0,"ix":10},"p":{"a":0,"k":[388.932,411.165,0],"ix":2},"a":{"a":0,"k":[388.932,411.165,0],"ix":1},"s":{"a":0,"k":[100,100,100],"ix":6}},"ao":0,"shapes":[{"ty":"gr","it":[{"ind":0,"ty":"sh","ix":1,"ks":{"a":0,"k":{"i":[[-7.256,-7.257],[0,0],[9.392,9.392],[6.478,6.479],[2.328,0]],"o":[[0,0],[9.388,9.388],[-6.478,-6.478],[-2.135,-2.134],[-7.911,-0.002]],"v":[[-18.07,-5.611],[1.366,13.826],[15.935,-0.745],[-3.5,-20.181],[-10.367,-23.212]],"c":true},"ix":2},"nm":"Trazado 2","mn":"ADBE Vector Shape - Group","hd":false},{"ty":"mm","mm":4,"nm":"Combinar trazados 1","mn":"ADBE Vector Filter - Merge","hd":false},{"ty":"fl","c":{"a":0,"k":[0.5,0.5,0.5,1],"ix":4},"o":{"a":0,"k":100,"ix":5},"r":1,"nm":"Relleno 1","mn":"ADBE Vector Graphic - Fill","hd":false},{"ty":"tr","p":{"a":0,"k":[390,414.343],"ix":2},"a":{"a":0,"k":[0,0],"ix":1},"s":{"a":0,"k":[100,100],"ix":3},"r":{"a":0,"k":0,"ix":6},"o":{"a":0,"k":100,"ix":7},"sk":{"a":0,"k":0,"ix":4},"sa":{"a":0,"k":0,"ix":5},"nm":"Transformar"}],"nm":"Grupo 1","np":3,"cix":2,"ix":1,"mn":"ADBE Vector Group","hd":false}],"ip":130,"op":187,"st":130,"bm":0},{"ddd":0,"ind":5,"ty":4,"nm":"Capa 3 contornos 3","sr":1,"ks":{"o":{"a":1,"k":[{"i":{"x":[0.667],"y":[1]},"o":{"x":[0.333],"y":[0]},"n":["0p667_1_0p333_0"],"t":159.531,"s":[0],"e":[100]},{"i":{"x":[0.667],"y":[1]},"o":{"x":[0.333],"y":[0]},"n":["0p667_1_0p333_0"],"t":182.766,"s":[100],"e":[0]},{"t":206}],"ix":11},"r":{"a":0,"k":0,"ix":10},"p":{"a":0,"k":[611.056,409.789,0],"ix":2},"a":{"a":0,"k":[611.056,409.789,0],"ix":1},"s":{"a":0,"k":[100,100,100],"ix":6}},"ao":0,"shapes":[{"ty":"gr","it":[{"ind":0,"ty":"sh","ix":1,"ks":{"a":0,"k":{"i":[[2.149,-2.149],[6.521,-6.52],[-9.451,9.451],[0,0],[7.959,0.001]],"o":[[-6.52,6.52],[-9.447,9.448],[0,0],[7.3,-7.299],[-2.344,0]],"v":[[3.523,-20.31],[-16.037,-0.752],[-1.375,13.911],[18.184,-5.649],[10.434,-23.362]],"c":true},"ix":2},"nm":"Trazado 2","mn":"ADBE Vector Shape - Group","hd":false},{"ty":"mm","mm":4,"nm":"Combinar trazados 1","mn":"ADBE Vector Filter - Merge","hd":false},{"ty":"fl","c":{"a":0,"k":[0.5,0.5,0.5,1],"ix":4},"o":{"a":0,"k":100,"ix":5},"r":1,"nm":"Relleno 1","mn":"ADBE Vector Graphic - Fill","hd":false},{"ty":"tr","p":{"a":0,"k":[609.982,412.989],"ix":2},"a":{"a":0,"k":[0,0],"ix":1},"s":{"a":0,"k":[100,100],"ix":3},"r":{"a":0,"k":0,"ix":6},"o":{"a":0,"k":100,"ix":7},"sk":{"a":0,"k":0,"ix":4},"sa":{"a":0,"k":0,"ix":5},"nm":"Transformar"}],"nm":"Grupo 1","np":3,"cix":2,"ix":1,"mn":"ADBE Vector Group","hd":false}],"ip":130,"op":187,"st":130,"bm":0},{"ddd":0,"ind":6,"ty":4,"nm":"Capa 4 contornos 3","sr":1,"ks":{"o":{"a":1,"k":[{"i":{"x":[0.667],"y":[1]},"o":{"x":[0.333],"y":[0]},"n":["0p667_1_0p333_0"],"t":141.58,"s":[0],"e":[100]},{"i":{"x":[0.667],"y":[1]},"o":{"x":[0.333],"y":[0]},"n":["0p667_1_0p333_0"],"t":164.814,"s":[100],"e":[0]},{"t":188.048828125}],"ix":11},"r":{"a":0,"k":0,"ix":10},"p":{"a":0,"k":[499.992,378.096,0],"ix":2},"a":{"a":0,"k":[499.992,378.096,0],"ix":1},"s":{"a":0,"k":[100,100,100],"ix":6}},"ao":0,"shapes":[{"ty":"gr","it":[{"ind":0,"ty":"sh","ix":1,"ks":{"a":0,"k":{"i":[[0,-6.637],[0,0],[0,13.281],[0,0],[5.153,0.001]],"o":[[0,0],[0,13.258],[0,0],[0,-6.631],[-5.15,0]],"v":[[-10.303,-15.407],[-10.303,12.078],[10.302,12.078],[10.302,-15.407],[-0.007,-25.359]],"c":true},"ix":2},"nm":"Trazado 2","mn":"ADBE Vector Shape - Group","hd":false},{"ty":"mm","mm":4,"nm":"Combinar trazados 1","mn":"ADBE Vector Filter - Merge","hd":false},{"ty":"fl","c":{"a":0,"k":[0.5,0.5,0.5,1],"ix":4},"o":{"a":0,"k":100,"ix":5},"r":1,"nm":"Relleno 1","mn":"ADBE Vector Graphic - Fill","hd":false},{"ty":"tr","p":{"a":0,"k":[499.992,379.76],"ix":2},"a":{"a":0,"k":[0,0],"ix":1},"s":{"a":0,"k":[100,100],"ix":3},"r":{"a":0,"k":0,"ix":6},"o":{"a":0,"k":100,"ix":7},"sk":{"a":0,"k":0,"ix":4},"sa":{"a":0,"k":0,"ix":5},"nm":"Transformar"}],"nm":"Grupo 1","np":3,"cix":2,"ix":1,"mn":"ADBE Vector Group","hd":false}],"ip":130,"op":187,"st":130,"bm":0},{"ddd":0,"ind":7,"ty":4,"nm":"Capa 2 contornos 2","sr":1,"ks":{"o":{"a":1,"k":[{"i":{"x":[0.667],"y":[1]},"o":{"x":[0.333],"y":[0]},"n":["0p667_1_0p333_0"],"t":84.766,"s":[0],"e":[100]},{"i":{"x":[0.667],"y":[1]},"o":{"x":[0.333],"y":[0]},"n":["0p667_1_0p333_0"],"t":108,"s":[100],"e":[0]},{"t":131.23484375}],"ix":11},"r":{"a":0,"k":0,"ix":10},"p":{"a":0,"k":[388.932,411.165,0],"ix":2},"a":{"a":0,"k":[388.932,411.165,0],"ix":1},"s":{"a":0,"k":[100,100,100],"ix":6}},"ao":0,"shapes":[{"ty":"gr","it":[{"ind":0,"ty":"sh","ix":1,"ks":{"a":0,"k":{"i":[[-7.256,-7.257],[0,0],[9.392,9.392],[6.478,6.479],[2.328,0]],"o":[[0,0],[9.388,9.388],[-6.478,-6.478],[-2.135,-2.134],[-7.911,-0.002]],"v":[[-18.07,-5.611],[1.366,13.826],[15.935,-0.745],[-3.5,-20.181],[-10.367,-23.212]],"c":true},"ix":2},"nm":"Trazado 2","mn":"ADBE Vector Shape - Group","hd":false},{"ty":"mm","mm":4,"nm":"Combinar trazados 1","mn":"ADBE Vector Filter - Merge","hd":false},{"ty":"fl","c":{"a":0,"k":[0.5,0.5,0.5,1],"ix":4},"o":{"a":0,"k":100,"ix":5},"r":1,"nm":"Relleno 1","mn":"ADBE Vector Graphic - Fill","hd":false},{"ty":"tr","p":{"a":0,"k":[390,414.343],"ix":2},"a":{"a":0,"k":[0,0],"ix":1},"s":{"a":0,"k":[100,100],"ix":3},"r":{"a":0,"k":0,"ix":6},"o":{"a":0,"k":100,"ix":7},"sk":{"a":0,"k":0,"ix":4},"sa":{"a":0,"k":0,"ix":5},"nm":"Transformar"}],"nm":"Grupo 1","np":3,"cix":2,"ix":1,"mn":"ADBE Vector Group","hd":false}],"ip":57.02,"op":131,"st":57.02,"bm":0},{"ddd":0,"ind":8,"ty":4,"nm":"Capa 3 contornos 2","sr":1,"ks":{"o":{"a":1,"k":[{"i":{"x":[0.667],"y":[1]},"o":{"x":[0.333],"y":[0]},"n":["0p667_1_0p333_0"],"t":57,"s":[0],"e":[100]},{"i":{"x":[0.667],"y":[1]},"o":{"x":[0.333],"y":[0]},"n":["0p667_1_0p333_0"],"t":80.235,"s":[100],"e":[0]},{"t":103.46921875}],"ix":11},"r":{"a":0,"k":0,"ix":10},"p":{"a":0,"k":[611.056,409.789,0],"ix":2},"a":{"a":0,"k":[611.056,409.789,0],"ix":1},"s":{"a":0,"k":[100,100,100],"ix":6}},"ao":0,"shapes":[{"ty":"gr","it":[{"ind":0,"ty":"sh","ix":1,"ks":{"a":0,"k":{"i":[[2.149,-2.149],[6.521,-6.52],[-9.451,9.451],[0,0],[7.959,0.001]],"o":[[-6.52,6.52],[-9.447,9.448],[0,0],[7.3,-7.299],[-2.344,0]],"v":[[3.523,-20.31],[-16.037,-0.752],[-1.375,13.911],[18.184,-5.649],[10.434,-23.362]],"c":true},"ix":2},"nm":"Trazado 2","mn":"ADBE Vector Shape - Group","hd":false},{"ty":"mm","mm":4,"nm":"Combinar trazados 1","mn":"ADBE Vector Filter - Merge","hd":false},{"ty":"fl","c":{"a":0,"k":[0.5,0.5,0.5,1],"ix":4},"o":{"a":0,"k":100,"ix":5},"r":1,"nm":"Relleno 1","mn":"ADBE Vector Graphic - Fill","hd":false},{"ty":"tr","p":{"a":0,"k":[609.982,412.989],"ix":2},"a":{"a":0,"k":[0,0],"ix":1},"s":{"a":0,"k":[100,100],"ix":3},"r":{"a":0,"k":0,"ix":6},"o":{"a":0,"k":100,"ix":7},"sk":{"a":0,"k":0,"ix":4},"sa":{"a":0,"k":0,"ix":5},"nm":"Transformar"}],"nm":"Grupo 1","np":3,"cix":2,"ix":1,"mn":"ADBE Vector Group","hd":false}],"ip":57.02,"op":131,"st":57.02,"bm":0},{"ddd":0,"ind":9,"ty":4,"nm":"Capa 4 contornos 2","sr":1,"ks":{"o":{"a":1,"k":[{"i":{"x":[0.667],"y":[1]},"o":{"x":[0.333],"y":[0]},"n":["0p667_1_0p333_0"],"t":68.6,"s":[0],"e":[100]},{"i":{"x":[0.667],"y":[1]},"o":{"x":[0.333],"y":[0]},"n":["0p667_1_0p333_0"],"t":91.834,"s":[100],"e":[0]},{"t":115.068828125}],"ix":11},"r":{"a":0,"k":0,"ix":10},"p":{"a":0,"k":[499.992,378.096,0],"ix":2},"a":{"a":0,"k":[499.992,378.096,0],"ix":1},"s":{"a":0,"k":[100,100,100],"ix":6}},"ao":0,"shapes":[{"ty":"gr","it":[{"ind":0,"ty":"sh","ix":1,"ks":{"a":0,"k":{"i":[[0,-6.637],[0,0],[0,13.281],[0,0],[5.153,0.001]],"o":[[0,0],[0,13.258],[0,0],[0,-6.631],[-5.15,0]],"v":[[-10.303,-15.407],[-10.303,12.078],[10.302,12.078],[10.302,-15.407],[-0.007,-25.359]],"c":true},"ix":2},"nm":"Trazado 2","mn":"ADBE Vector Shape - Group","hd":false},{"ty":"mm","mm":4,"nm":"Combinar trazados 1","mn":"ADBE Vector Filter - Merge","hd":false},{"ty":"fl","c":{"a":0,"k":[0.5,0.5,0.5,1],"ix":4},"o":{"a":0,"k":100,"ix":5},"r":1,"nm":"Relleno 1","mn":"ADBE Vector Graphic - Fill","hd":false},{"ty":"tr","p":{"a":0,"k":[499.992,379.76],"ix":2},"a":{"a":0,"k":[0,0],"ix":1},"s":{"a":0,"k":[100,100],"ix":3},"r":{"a":0,"k":0,"ix":6},"o":{"a":0,"k":100,"ix":7},"sk":{"a":0,"k":0,"ix":4},"sa":{"a":0,"k":0,"ix":5},"nm":"Transformar"}],"nm":"Grupo 1","np":3,"cix":2,"ix":1,"mn":"ADBE Vector Group","hd":false}],"ip":57.02,"op":131,"st":57.02,"bm":0},{"ddd":0,"ind":10,"ty":4,"nm":"Capa 2 contornos","sr":1,"ks":{"o":{"a":1,"k":[{"i":{"x":[0.667],"y":[1]},"o":{"x":[0.333],"y":[0]},"n":["0p667_1_0p333_0"],"t":0,"s":[0],"e":[100]},{"i":{"x":[0.667],"y":[1]},"o":{"x":[0.333],"y":[0]},"n":["0p667_1_0p333_0"],"t":23.234,"s":[100],"e":[0]},{"t":46.46875}],"ix":11},"r":{"a":0,"k":0,"ix":10},"p":{"a":0,"k":[388.932,411.165,0],"ix":2},"a":{"a":0,"k":[388.932,411.165,0],"ix":1},"s":{"a":0,"k":[100,100,100],"ix":6}},"ao":0,"shapes":[{"ty":"gr","it":[{"ind":0,"ty":"sh","ix":1,"ks":{"a":0,"k":{"i":[[-7.256,-7.257],[0,0],[9.392,9.392],[6.478,6.479],[2.328,0]],"o":[[0,0],[9.388,9.388],[-6.478,-6.478],[-2.135,-2.134],[-7.911,-0.002]],"v":[[-18.07,-5.611],[1.366,13.826],[15.935,-0.745],[-3.5,-20.181],[-10.367,-23.212]],"c":true},"ix":2},"nm":"Trazado 2","mn":"ADBE Vector Shape - Group","hd":false},{"ty":"mm","mm":4,"nm":"Combinar trazados 1","mn":"ADBE Vector Filter - Merge","hd":false},{"ty":"fl","c":{"a":0,"k":[0.5,0.5,0.5,1],"ix":4},"o":{"a":0,"k":100,"ix":5},"r":1,"nm":"Relleno 1","mn":"ADBE Vector Graphic - Fill","hd":false},{"ty":"tr","p":{"a":0,"k":[390,414.343],"ix":2},"a":{"a":0,"k":[0,0],"ix":1},"s":{"a":0,"k":[100,100],"ix":3},"r":{"a":0,"k":0,"ix":6},"o":{"a":0,"k":100,"ix":7},"sk":{"a":0,"k":0,"ix":4},"sa":{"a":0,"k":0,"ix":5},"nm":"Transformar"}],"nm":"Grupo 1","np":3,"cix":2,"ix":1,"mn":"ADBE Vector Group","hd":false}],"ip":0,"op":57,"st":0,"bm":0},{"ddd":0,"ind":11,"ty":4,"nm":"Capa 3 contornos","sr":1,"ks":{"o":{"a":1,"k":[{"i":{"x":[0.667],"y":[1]},"o":{"x":[0.333],"y":[0]},"n":["0p667_1_0p333_0"],"t":29.531,"s":[0],"e":[100]},{"i":{"x":[0.667],"y":[1]},"o":{"x":[0.333],"y":[0]},"n":["0p667_1_0p333_0"],"t":52.766,"s":[100],"e":[0]},{"t":76}],"ix":11},"r":{"a":0,"k":0,"ix":10},"p":{"a":0,"k":[611.056,409.789,0],"ix":2},"a":{"a":0,"k":[611.056,409.789,0],"ix":1},"s":{"a":0,"k":[100,100,100],"ix":6}},"ao":0,"shapes":[{"ty":"gr","it":[{"ind":0,"ty":"sh","ix":1,"ks":{"a":0,"k":{"i":[[2.149,-2.149],[6.521,-6.52],[-9.451,9.451],[0,0],[7.959,0.001]],"o":[[-6.52,6.52],[-9.447,9.448],[0,0],[7.3,-7.299],[-2.344,0]],"v":[[3.523,-20.31],[-16.037,-0.752],[-1.375,13.911],[18.184,-5.649],[10.434,-23.362]],"c":true},"ix":2},"nm":"Trazado 2","mn":"ADBE Vector Shape - Group","hd":false},{"ty":"mm","mm":4,"nm":"Combinar trazados 1","mn":"ADBE Vector Filter - Merge","hd":false},{"ty":"fl","c":{"a":0,"k":[0.5,0.5,0.5,1],"ix":4},"o":{"a":0,"k":100,"ix":5},"r":1,"nm":"Relleno 1","mn":"ADBE Vector Graphic - Fill","hd":false},{"ty":"tr","p":{"a":0,"k":[609.982,412.989],"ix":2},"a":{"a":0,"k":[0,0],"ix":1},"s":{"a":0,"k":[100,100],"ix":3},"r":{"a":0,"k":0,"ix":6},"o":{"a":0,"k":100,"ix":7},"sk":{"a":0,"k":0,"ix":4},"sa":{"a":0,"k":0,"ix":5},"nm":"Transformar"}],"nm":"Grupo 1","np":3,"cix":2,"ix":1,"mn":"ADBE Vector Group","hd":false}],"ip":0,"op":57,"st":0,"bm":0},{"ddd":0,"ind":12,"ty":4,"nm":"Capa 4 contornos","sr":1,"ks":{"o":{"a":1,"k":[{"i":{"x":[0.667],"y":[1]},"o":{"x":[0.333],"y":[0]},"n":["0p667_1_0p333_0"],"t":11.58,"s":[0],"e":[100]},{"i":{"x":[0.667],"y":[1]},"o":{"x":[0.333],"y":[0]},"n":["0p667_1_0p333_0"],"t":34.814,"s":[100],"e":[0]},{"t":58.048828125}],"ix":11},"r":{"a":0,"k":0,"ix":10},"p":{"a":0,"k":[499.992,378.096,0],"ix":2},"a":{"a":0,"k":[499.992,378.096,0],"ix":1},"s":{"a":0,"k":[100,100,100],"ix":6}},"ao":0,"shapes":[{"ty":"gr","it":[{"ind":0,"ty":"sh","ix":1,"ks":{"a":0,"k":{"i":[[0,-6.637],[0,0],[0,13.281],[0,0],[5.153,0.001]],"o":[[0,0],[0,13.258],[0,0],[0,-6.631],[-5.15,0]],"v":[[-10.303,-15.407],[-10.303,12.078],[10.302,12.078],[10.302,-15.407],[-0.007,-25.359]],"c":true},"ix":2},"nm":"Trazado 2","mn":"ADBE Vector Shape - Group","hd":false},{"ty":"mm","mm":4,"nm":"Combinar trazados 1","mn":"ADBE Vector Filter - Merge","hd":false},{"ty":"fl","c":{"a":0,"k":[0.5,0.5,0.5,1],"ix":4},"o":{"a":0,"k":100,"ix":5},"r":1,"nm":"Relleno 1","mn":"ADBE Vector Graphic - Fill","hd":false},{"ty":"tr","p":{"a":0,"k":[499.992,379.76],"ix":2},"a":{"a":0,"k":[0,0],"ix":1},"s":{"a":0,"k":[100,100],"ix":3},"r":{"a":0,"k":0,"ix":6},"o":{"a":0,"k":100,"ix":7},"sk":{"a":0,"k":0,"ix":4},"sa":{"a":0,"k":0,"ix":5},"nm":"Transformar"}],"nm":"Grupo 1","np":3,"cix":2,"ix":1,"mn":"ADBE Vector Group","hd":false}],"ip":0,"op":57,"st":0,"bm":0}]}],"layers":[{"ddd":0,"ind":1,"ty":0,"nm":"loading_iris","refId":"comp_0","sr":1,"ks":{"o":{"a":0,"k":100,"ix":11},"r":{"a":0,"k":0,"ix":10},"p":{"a":0,"k":[500,500,0],"ix":2},"a":{"a":0,"k":[500,500,0],"ix":1},"s":{"a":0,"k":[100,100,100],"ix":6}},"ao":0,"ef":[{"ty":21,"nm":"Relleno","np":9,"mn":"ADBE Fill","ix":1,"en":1,"ef":[{"ty":10,"nm":"Rellenar máscara","mn":"ADBE Fill-0001","ix":1,"v":{"a":0,"k":0,"ix":1}},{"ty":7,"nm":"Todas las máscaras","mn":"ADBE Fill-0007","ix":2,"v":{"a":0,"k":0,"ix":2}},{"ty":2,"nm":"Color","mn":"ADBE Fill-0002","ix":3,"v":{"a":0,"k":[0.643137276173,0.643137276173,0.643137276173,1],"ix":3}},{"ty":7,"nm":"Invertir","mn":"ADBE Fill-0006","ix":4,"v":{"a":0,"k":0,"ix":4}},{"ty":0,"nm":"Calado horizontal","mn":"ADBE Fill-0003","ix":5,"v":{"a":0,"k":0,"ix":5}},{"ty":0,"nm":"Calado vertical","mn":"ADBE Fill-0004","ix":6,"v":{"a":0,"k":0,"ix":6}},{"ty":0,"nm":"Opacidad","mn":"ADBE Fill-0005","ix":7,"v":{"a":0,"k":1,"ix":7}}]}],"w":1000,"h":1000,"ip":0,"op":245,"st":0,"bm":0}],"markers":[]}